-- phpMyAdmin SQL Dump
-- version 5.2.0
-- https://www.phpmyadmin.net/
--
-- Хост: 127.0.0.1
-- Час створення: Трв 21 2024 р., 05:47
-- Версія сервера: 10.4.27-MariaDB
-- Версія PHP: 8.2.0

SET SQL_MODE = "NO_AUTO_VALUE_ON_ZERO";
START TRANSACTION;
SET time_zone = "+00:00";


/*!40101 SET @OLD_CHARACTER_SET_CLIENT=@@CHARACTER_SET_CLIENT */;
/*!40101 SET @OLD_CHARACTER_SET_RESULTS=@@CHARACTER_SET_RESULTS */;
/*!40101 SET @OLD_COLLATION_CONNECTION=@@COLLATION_CONNECTION */;
/*!40101 SET NAMES utf8mb4 */;

--
-- База даних: `furnituredb`
--

-- --------------------------------------------------------

--
-- Структура таблиці `furniture`
--

CREATE TABLE `furniture` (
  `id` int(20) NOT NULL,
  `name` varchar(50) NOT NULL,
  `img1` text NOT NULL,
  `img2` text DEFAULT NULL,
  `img3` text DEFAULT NULL,
  `video` text DEFAULT NULL,
  `size` varchar(18) NOT NULL,
  `karkass` text NOT NULL,
  `filling` text NOT NULL,
  `bedsquare` varchar(9) NOT NULL,
  `category` int(10) NOT NULL,
  `content` text NOT NULL,
  `price` int(11) NOT NULL,
  `numberOfGood` int(10) NOT NULL
) ENGINE=InnoDB DEFAULT CHARSET=utf8 COLLATE=utf8_general_ci;

--
-- Дамп даних таблиці `furniture`
--

INSERT INTO `furniture` (`id`, `name`, `img1`, `img2`, `img3`, `video`, `size`, `karkass`, `filling`, `bedsquare`, `category`, `content`, `price`, `numberOfGood`) VALUES
(2, 'Кутовий диван МАРОККО', 'img/database/slider/Кутові дивани/Кутовий диван Марокко/marokko_front.jpg', 'img/database/slider/Кутові дивани/Кутовий диван Марокко/marokko_side.jpg', 'img/database/slider/Кутові дивани/Кутовий диван Марокко/marokko_back.jpg', 'img/database/slider/Кутові дивани/Кутовий диван Марокко/Марокко-кут.gif', '345 × 155 × 75 см', 'Дерево, ДСП ламіноване, Ортопедичні ламелі', 'Блок незалежних пружин (Pocket Spring), Пінополіуретан (ППУ)', '305 х 165', 1, '                                                                                                                                                                                                                                                                                                                        Диван «Марокко» допоможе створити особливий простір, де не існує турбот і повсякденної суєти. Його затишний дизайн та об’ємності відрізняється актуальністю. Широкі м’які подушки-підлокітники створюють відчуття повного розслаблення. Це найкращий компаньйон для затишних вечорів і таємних моментів наодинці з мріями і найближчими людьми – родиною і друзями.\r\n\r\nВиробник залишає за собою право вносити зміни в конструкцію виробів.\r\nВигляд виробів може дещо відрізнятися від представлених в каталозі.\r\nВідхилення габаритних розмірів +/- 50 мм.  required required required required', 10000, 2),
(3, 'Кутовий диван НЬЮ-ЙОРК', 'img/database/slider/Кутові дивани/Кутовий диван НЬЮ-ЙОРК/newyork_front.jpg', 'img/database/slider/Кутові дивани/Кутовий диван НЬЮ-ЙОРК/newyork_side.jpg', 'img/database/slider/Кутові дивани/Кутовий диван НЬЮ-ЙОРК/newyork_back.jpg', 'img/database/slider/Кутові дивани/Кутовий диван НЬЮ-ЙОРК/Нью-Йорк-кут.gif', '345 × 155 × 75 см', 'Дерево, ДСП ламіноване, Ортопедичні ламелі', 'Блок незалежних пружин (Pocket Spring), Пінополіуретан (ППУ)', '345 x 150', 1, 'Краса дивана «Нью-Йорк» в його неймовірній затишності і готовності під лаштуватися під будь-який ваш настрій. Він як кращий друг, з яким можна бути самим собою. Його дизайн цілком і повністю підпорядкований ідеї комфорту і домашньої розслабленості. Глибока посадка і безліч м’яких подушок піклуються про те, щоб ви відчували себе вільно і насолоджувалися кожною хвилиною відпочинку.\n\nВиробник залишає за собою право вносити зміни в конструкцію виробів.\nВигляд виробів може дещо відрізнятися від представлених в каталозі.\nВідхилення габаритних розмірів +/- 50 мм.', 11999, 14),
(4, 'Кутовий диван БЕРЛІН', 'img/database/slider/Кутові дивани/Кутовий диван БЕРЛІН/berlin_front.jpg', 'img/database/slider/Кутові дивани/Кутовий диван БЕРЛІН/berlin_side.jpg', 'img/database/slider/Кутові дивани/Кутовий диван БЕРЛІН/berlin_back.jpg', 'img/database/slider/Кутові дивани/Кутовий диван БЕРЛІН/Берлин-Угловой.gif', '245 × 170 × 95 см', 'Дерево, ДСП ламіноване, Ортопедичні ламелі', 'Блок незалежних пружин (Pocket Spring), Пінополіуретан (ППУ)', '210 x 130', 1, 'Кутовий диван «Берлін» – це максимальне поєднання зручності, функціоналу і ефектного оформлення м’яких меблів. Диван з легкістю під лаштується під будь-яке приміщення, незалежно від складності інтер’єру або планування. Дизайн відмінно поєднується як з класичним, так і з сучасним оформленням.\r\n\r\nВиробник залишає за собою право вносити зміни в конструкцію виробів.\r\nВигляд виробів може дещо відрізнятися від представлених в каталозі.\r\nВідхилення габаритних розмірів +/- 50 мм.', 12499, 4),
(5, 'Кутовий диван БАРСЕЛОНА', 'img/database/slider/Кутові дивани/Кутовий диван БАРСЕЛОНА/barselona_front.jpg', 'img/database/slider/Кутові дивани/Кутовий диван БАРСЕЛОНА/barselona_side.jpg', 'img/database/slider/Кутові дивани/Кутовий диван БАРСЕЛОНА/barselona_back.jpg', 'img/database/slider/Кутові дивани/Кутовий диван БАРСЕЛОНА/Барселона-кутовий.gif', '245 × 170 × 90 см', 'Дерево, ДСП ламіноване, Ортопедичні ламелі, фанера', 'Блок незалежних пружин (Pocket Spring), Пінополіуретан (ППУ)', '210 x 155', 1, 'Краса дивана «Барселона» в його неймовірній затишності і готовності під лаштуватися під будь-який ваш настрій. Він як кращий друг, з яким можна бути самим собою. Його дизайн цілком і повністю підпорядкований ідеї комфорту і домашньої розслабленості. Глибока посадка і безліч м’яких подушок піклуються про те, щоб ви відчували себе вільно і насолоджувалися кожною хвилиною відпочинку.\r\n\r\nВиробник залишає за собою право вносити зміни в конструкцію виробів.\r\nВигляд виробів може дещо відрізнятися від представлених в каталозі.\r\nВідхилення габаритних розмірів +/- 50 мм.', 9999, 5),
(6, 'Кутовий диван ЖЕНЕВА', 'img/database/slider/Кутові дивани/Кутовий диван ЖЕНЕВА/zheneva_front.jpg', 'img/database/slider/Кутові дивани/Кутовий диван ЖЕНЕВА/zheneva_side.jpg', 'img/database/slider/Кутові дивани/Кутовий диван ЖЕНЕВА/zheneva_back.jpg', 'img/database/slider/Кутові дивани/Кутовий диван ЖЕНЕВА/Женева-Угловой.gif', '285 × 190 × 95 см', 'Дерево, ДСП ламіноване, Ортопедичні ламелі, фанера', 'Пінополіуретан (ППУ)', '190 x 140', 1, 'Диван «Женева» – це максимальне поєднання зручності, функціоналу і ефектного оформлення м’яких меблів. Диван з легкістю під лаштується під будь-яке приміщення, незалежно від складності інтер’єру або планування. Дизайн відмінно поєднується як з класичним, так і з сучасним оформленням.\r\n\r\nВиробник залишає за собою право вносити зміни в конструкцію виробів.\r\nВигляд виробів може дещо відрізнятися від представлених в каталозі.\r\nВідхилення габаритних розмірів +/- 50 мм.', 11999, 0),
(7, 'Кутовий диван КАНЗАС', 'img/database/slider/Кутові дивани/Кутовий диван КАНЗАС/kanzas_front.jpg', 'img/database/slider/Кутові дивани/Кутовий диван КАНЗАС/kanzas_side.jpg', 'img/database/slider/Кутові дивани/Кутовий диван КАНЗАС/kanzas_back.jpg', 'img/database/slider/Кутові дивани/Кутовий диван КАНЗАС/Канзас-Угловой.gif', '265 × 180 × 105 см', 'Дерево, ДСП ламіноване, Ортопедичні ламелі', 'Блок незалежних пружин (Pocket Spring), Пінополіуретан (ППУ', '205 х 135', 1, 'Дизайн диван «КАНЗАС» розкривається цілою гамою функціональних можливостей і нових відтінків комфорту. Це рішення об’єднує в собі актуальну лаконічність форм і оригінальну оббивку. Це відмінне поєднання візуальної затишності і емоційного комфорту з раціональним підходом до організації місця для відпочинку.\r\n\r\nВиробник залишає за собою право вносити зміни в конструкцію виробів.\r\nВигляд виробів може дещо відрізнятися від представлених в каталозі.\r\nВідхилення габаритних розмірів +/- 50 мм.', 7999, 0),
(8, 'Кутовий диван МОНАКО', 'img/database/slider/Кутові дивани/Кутовий диван МОНАКО/monaco_front.jpg', 'img/database/slider/Кутові дивани/Кутовий диван МОНАКО/monaco_side.jpg', 'img/database/slider/Кутові дивани/Кутовий диван МОНАКО/monaco_back.jpg', 'img/database/slider/Кутові дивани/Кутовий диван МОНАКО/Монако-Угловой.gif', '275 × 170 × 90 см', 'Дерево, ДСП ламіноване, Ортопедичні ламелі', 'Блок незалежних пружин (Pocket Spring), Пінополіуретан (ППУ)', '230 x 125', 1, 'Краса дивана «Монако» в його неймовірній затишності і готовності під лаштуватися під будь-який ваш настрій. Він як кращий друг, з яким можна бути самим собою. Його дизайн цілком і повністю підпорядкований ідеї комфорту і домашньої розслабленості. Глибока посадка і безліч м’яких подушок піклуються про те, щоб ви відчували себе вільно і насолоджувалися кожною хвилиною відпочинку.\r\n\r\nВиробник залишає за собою право вносити зміни в конструкцію виробів.\r\nВигляд виробів може дещо відрізнятися від представлених в каталозі.\r\nВідхилення габаритних розмірів +/- 50 мм.', 10499, 3),
(9, 'Кутовий диван ОРЛЕАН', 'img/database/slider/Кутові дивани/Кутовий диван ОРЛЕАН/orlean_front.jpg', 'img/database/slider/Кутові дивани/Кутовий диван ОРЛЕАН/orlean_side.jpg', 'img/database/slider/Кутові дивани/Кутовий диван ОРЛЕАН/orlean_back.jpg', 'img/database/slider/Кутові дивани/Кутовий диван ОРЛЕАН/Орлеан-Кутовий.gif', '240 × 155 × 75 см', 'Дерево, ДСП ламіноване, Ортопедичні ламелі', 'Блок незалежних пружин (Pocket Spring), Пінополіуретан (ППУ)', '200 х 150', 1, 'Диван «Орлеан» допоможе створити особливий простір, де не існує турбот і повсякденної суєти. Його затишний дизайн та об’ємності відрізняється актуальністю. Широкі м’які подушки-підлокітники створюють відчуття повного розслаблення. Це найкращий компаньйон для затишних вечорів і таємних моментів наодинці з мріями і найближчими людьми – родиною і друзями.\r\n\r\nВиробник залишає за собою право вносити зміни в конструкцію виробів.\r\nВигляд виробів може дещо відрізнятися від представлених в каталозі.\r\nВідхилення габаритних розмірів +/- 50 мм.', 13499, 6),
(10, 'Кутовий диван ОКСФОРД', 'img/database/slider/Кутові дивани/Кутовий диван ОКСФОРД/Oxford_front.jpg', 'img/database/slider/Кутові дивани/Кутовий диван ОКСФОРД/Oxford_side.jpg', 'img/database/slider/Кутові дивани/Кутовий диван ОКСФОРД/Oxford_back.jpg', 'img/database/slider/Кутові дивани/Кутовий диван ОКСФОРД/Оксфорд-Угловой.gif', '270 × 170 × 90 см', '', 'Блок незалежних пружин (Pocket Spring), Пінополіуретан (ППУ)', '225 x 140', 1, 'Краса дивана «Оксфорд» в його неймовірній затишності і готовності під лаштуватися під будь-який ваш настрій. Він як кращий друг, з яким можна бути самим собою. Його дизайн цілком і повністю підпорядкований ідеї комфорту і домашньої розслабленості. Глибока посадка і безліч м’яких подушок піклуються про те, щоб ви відчували себе вільно і насолоджувалися кожною хвилиною відпочинку.\r\n\r\nВиробник залишає за собою право вносити зміни в конструкцію виробів.\r\nВигляд виробів може дещо відрізнятися від представлених в каталозі.\r\nВідхилення габаритних розмірів +/- 50 мм.', 13999, 9),
(11, 'Кутовий диван ОСТІН', 'img/database/slider/Кутові дивани/Кутовий диван ОСТІН/ostin_front.jpg', 'img/database/slider/Кутові дивани/Кутовий диван ОСТІН/ostin_side.jpg', 'img/database/slider/Кутові дивани/Кутовий диван ОСТІН/ostin_back.jpg', 'img/database/slider/Кутові дивани/Кутовий диван ОСТІН/Остин-Угловой.gif', '240 × 140 × 90 см', 'Дерево, ДСП ламіноване, Ортопедичні ламелі', 'Блок незалежних пружин (Pocket Spring), Пінополіуретан (ППУ)', '200 x 140', 1, 'Дизайн дивана «ОСТІН» розкривається цілою гамою функціональних можливостей і нових відтінків комфорту. Це рішення об’єднує в собі актуальну лаконічність форм і оригінальну оббивку. Це відмінне поєднання візуальної затишності і емоційного комфорту з раціональним підходом до організації місця для відпочинку.\r\n\r\nВиробник залишає за собою право вносити зміни в конструкцію виробів.\r\nВигляд виробів може дещо відрізнятися від представлених в каталозі.\r\nВідхилення габаритних розмірів +/- 50 мм.', 14999, 7),
(12, 'Кутовий диван Х’ЮСТОН', 'img/database/slider/Кутові дивани/Кутовий диван Х’ЮСТОН/huston_front.jpg', 'img/database/slider/Кутові дивани/Кутовий диван Х’ЮСТОН/huston_side.jpg', 'img/database/slider/Кутові дивани/Кутовий диван Х’ЮСТОН/huston_back.jpg', 'img/database/slider/Кутові дивани/Кутовий диван Х’ЮСТОН/Хьюстон-Угловой.gif', '265 × 185 × 100 см', 'Дерево, ДСП ламіноване, Ортопедичні ламелі', 'Блок незалежних пружин (Pocket Spring), Пінополіуретан (ППУ)', '225 x 155', 1, 'Краса дивана «ХЮСТОН» в його неймовірній затишності і готовності під лаштуватися під будь-який ваш настрій. Він як кращий друг, з яким можна бути самим собою. Його дизайн цілком і повністю підпорядкований ідеї комфорту і домашньої розслабленості. Глибока посадка і безліч м’яких подушок піклуються про те, щоб ви відчували себе вільно і насолоджувалися кожною хвилиною відпочинку.\r\n\r\nВиробник залишає за собою право вносити зміни в конструкцію виробів.\r\nВигляд виробів може дещо відрізнятися від представлених в каталозі.\r\nВідхилення габаритних розмірів +/- 50 мм.', 9499, 0),
(13, 'Кутовий диван ДЖУЛІЯ', 'img/database/slider/Кутові дивани/Кутовий диван ДЖУЛІЯ/djulia_front.jpg', 'img/database/slider/Кутові дивани/Кутовий диван ДЖУЛІЯ/djulia_side.jpg', 'img/database/slider/Кутові дивани/Кутовий диван ДЖУЛІЯ/djulia_back.jpg', 'img/database/slider/Кутові дивани/Кутовий диван ДЖУЛІЯ/Джулия-Угловой.gif', '245 × 175 × 80 см', 'Дерево, ДСП ламіноване, Ортопедичні ламелі, фанера', 'Блок незалежних пружин (Pocket Spring), Пінополіуретан (ППУ)', '215 x 140', 1, 'Краса дивана «Джулія» в його неймовірній затишності і готовності під лаштуватися під будь-який ваш настрій. Він як кращий друг, з яким можна бути самим собою. Його дизайн цілком і повністю підпорядкований ідеї комфорту і домашньої розслабленості. Глибока посадка і безліч м’яких подушок піклуються про те, щоб ви відчували себе вільно і насолоджувалися кожною хвилиною відпочинку.\r\n\r\nВиробник залишає за собою право вносити зміни в конструкцію виробів.\r\nВигляд виробів може дещо відрізнятися від представлених в каталозі.\r\nВідхилення габаритних розмірів +/- 50 мм.', 9999, 1),
(14, 'Кутовий диван ЛОНДОН', 'img/database/slider/Кутові дивани/Кутовий диван ЛОНДОН/london_front.jpg', 'img/database/slider/Кутові дивани/Кутовий диван ЛОНДОН/london_side.jpg', 'img/database/slider/Кутові дивани/Кутовий диван ЛОНДОН/london_back.jpg', 'img/database/slider/Кутові дивани/Кутовий диван ЛОНДОН/Лондон.-Кутовий.gif', '310 × 220 × 80 см', 'Дерево, ДСП ламіноване, Ортопедичні ламелі', 'Блок незалежних пружин (Pocket Spring), Пінополіуретан (ППУ)', '200 x 160', 1, 'Дизайн диван «Лондон» розкривається цілою гамою функціональних можливостей і нових відтінків комфорту. Це рішення об’єднує в собі актуальну лаконічність форм і оригінальну оббивку. Це відмінне поєднання візуальної затишності і емоційного комфорту з раціональним підходом до організації місця для відпочинку.\r\n\r\nВиробник залишає за собою право вносити зміни в конструкцію виробів.\r\nВигляд виробів може дещо відрізнятися від представлених в каталозі.\r\nВідхилення габаритних розмірів +/- 50 мм.', 12499, 0),
(15, 'Кутовий диван БРУКЛІН', 'img/database/slider/Кутові дивани/Кутовий диван БРУКЛІН/bruklin_front.jpg', 'img/database/slider/Кутові дивани/Кутовий диван БРУКЛІН/bruklin_side.jpg', 'img/database/slider/Кутові дивани/Кутовий диван БРУКЛІН/bruklin_back.jpg', 'img/database/slider/Кутові дивани/Кутовий диван БРУКЛІН/Бруклин-Кутовий.gif', '250 × 200 × 75 см', 'Дерево, ДСП ламіноване, Ортопедичні ламелі', 'Блок незалежних пружин (Pocket Spring), Пінополіуретан (ППУ)', '230 x 145', 1, 'Дизайн диван «Бруклін» розкривається цілою гамою функціональних можливостей і нових відтінків комфорту. Це рішення об’єднує в собі актуальну лаконічність форм і оригінальну оббивку. Це відмінне поєднання візуальної затишності і емоційного комфорту з раціональним підходом до організації місця для відпочинку.\r\n\r\nВиробник залишає за собою право вносити зміни в конструкцію виробів.\r\nВигляд виробів може дещо відрізнятися від представлених в каталозі.\r\nВідхилення габаритних розмірів +/- 50 мм.', 10499, 4),
(16, 'Кутовий диван ВЕРСАЛЬ', 'img/database/slider/Кутові дивани/Кутовий диван ВЕРСАЛЬ/versal_front.jpg', 'img/database/slider/Кутові дивани/Кутовий диван ВЕРСАЛЬ/versal_side.jpg', '', 'img/database/slider/Кутові дивани/Кутовий диван ВЕРСАЛЬ/Версаль-Кутовий.gif', '270 × 175 × 110 см', 'Дерево, ДСП ламіноване, Ортопедичні ламелі', 'Блок незалежних пружин (Pocket Spring), Пінополіуретан (ППУ)', '200 x 105', 1, 'Щоб залишатися успішним, важливо знайти своє джерело спокою. Диван «Версаль» саме такий, його дизайн випромінює впевненість і незворушність. Солідні форми підкреслені розкішної фактурою матеріалів. Цей диван створений з повагою до кожної деталі, щоб дарувати безумовну турботу про ваш комфорт.\r\n\r\nВиробник залишає за собою право вносити зміни в конструкцію виробів.\r\nВигляд виробів може дещо відрізнятися від представлених в каталозі.\r\nВідхилення габаритних розмірів +/- 50 мм.', 14499, 5),
(17, 'Кутовий диван ТУНІС', 'img/database/slider/Кутові дивани/Кутовий диван ТУНІС/tunis_front.jpg', 'img/database/slider/Кутові дивани/Кутовий диван ТУНІС/tunis_side.jpg', 'img/database/slider/Кутові дивани/Кутовий диван ТУНІС/tunis_back.jpg', 'img/database/slider/Кутові дивани/Кутовий диван ТУНІС/Туніс-Кутовий.gif', '270 × 175 × 110 см', '	\r\nДерево, ДСП ламіноване, Ортопедичні ламелі', 'Блок незалежних пружин (Pocket Spring), Пінополіуретан (ППУ', '200 x 105', 1, 'Щоб залишатися успішним, важливо знайти своє джерело спокою. Диван «ТУНІС» саме такий, його дизайн випромінює впевненість і незворушність. Солідні форми підкреслені розкішної фактурою матеріалів. Цей диван створений з повагою до кожної деталі, щоб дарувати безумовну турботу про ваш комфорт.\n\nВиробник залишає за собою право вносити зміни в конструкцію виробів.\nВигляд виробів може дещо відрізнятися від представлених в каталозі.\nВідхилення габаритних розмірів +/- 50 мм.', 11999, 5),
(18, 'Кутовий диван МАРСЕЛЬ', 'img/database/slider/Кутові дивани/Кутовий диван МАРСЕЛЬ/marsel_front.jpg', 'img/database/slider/Кутові дивани/Кутовий диван МАРСЕЛЬ/marsel_side.jpg', 'img/database/slider/Кутові дивани/Кутовий диван МАРСЕЛЬ/marsel_back.jpg', 'img/database/slider/Кутові дивани/Кутовий диван МАРСЕЛЬ/Марсель.gif', '235 × 165 × 80 см', 'Дерево, ДСП ламіноване, Ортопедичні ламелі', 'Блок незалежних пружин (Pocket Spring), Пінополіуретан (ППУ)', '210 х 150', 1, 'Диван «Марсель» стане головним скарбом вашого інтер’єру. Особливо якщо мова йде про невеликих приміщеннях. Головна ідея дизайну полягає в тому, щоб принести щастя, поезію відпочинку і затишку в сучасний інтер’єр. Простота його форм римується з природністю комфортної обстановки, а м’якість оббивки, сидіння стають ідеальною декорацією для теплих моментів домашньої гармонії.\r\n\r\nВиробник залишає за собою право вносити зміни в конструкцію виробів.\r\nВигляд виробів може дещо відрізнятися від представлених в каталозі.\r\nВідхилення габаритних розмірів +/- 50 мм.', 14999, 3),
(19, 'Кутовий диван КЛАВДІЯ', 'img/database/slider/Кутові дивани/Кутовий диван КЛАВДІЯ/klavdia_front.jpg', 'img/database/slider/Кутові дивани/Кутовий диван КЛАВДІЯ/klavdia_side.jpg', '', 'img/database/slider/Кутові дивани/Кутовий диван КЛАВДІЯ/Клавдия-Кутовий.gif', '275 × 225 × 105 см', 'Дерево, ДСП ламіноване, Ортопедичні ламелі', 'Пінополіуретан (ППУ)', '205 x 110', 1, 'Щоб залишатися успішним, важливо знайти своє джерело спокою. Диван «Клавдія» саме такий, його дизайн випромінює впевненість і незворушність. Солідні форми підкреслені розкішної фактурою матеріалів. Цей диван створений з повагою до кожної деталі, щоб дарувати безумовну турботу про ваш комфорт.\r\n\r\nВиробник залишає за собою право вносити зміни в конструкцію виробів.\r\nВигляд виробів може дещо відрізнятися від представлених в каталозі.\r\nВідхилення габаритних розмірів +/- 50 мм.', 9999, 2),
(20, 'Кутовий диван ЕЛЬЗА', 'img/database/slider/Кутові дивани/Кутовий диван ЕЛЬЗА/elza_front.jpg', 'img/database/slider/Кутові дивани/Кутовий диван ЕЛЬЗА/elza_side.jpg', '', 'img/database/slider/Кутові дивани/Кутовий диван ЕЛЬЗА/Элза-Угловой.gif', '310 × 205 × 95 см', 'Дерево, ДСП ламіноване, Ортопедичні ламелі, фанера', 'Пінополіуретан (ППУ)', '190 x 140', 1, 'Диван «Ельза» – це максимальне поєднання зручності, функціоналу і ефектного оформлення м’яких меблів. Диван з легкістю під лаштується під будь-яке приміщення, незалежно від складності інтер’єру або планування. Дизайн відмінно поєднується як з класичним, так і з сучасним оформленням.\r\n\r\nВиробник залишає за собою право вносити зміни в конструкцію виробів.\r\nВигляд виробів може дещо відрізнятися від представлених в каталозі.\r\nВідхилення габаритних розмірів +/- 50 мм.', 10499, 2),
(21, 'Кутовий диван ДІАНА', 'img/database/slider/Кутові дивани/Кутовий диван ДІАНА/diana_front.jpg', 'img/database/slider/Кутові дивани/Кутовий диван ДІАНА/diana_side.jpg', '', 'img/database/slider/Кутові дивани/Кутовий диван ДІАНА/Диана-Кутовий.gif', '265 × 195 × 100 см', 'Дерево, ДСП ламіноване, Ортопедичні ламелі', 'Пінополіуретан (ППУ)', '195 x 125', 1, 'Щоб залишатися успішним, важливо знайти своє джерело спокою. Диван «Діана» саме такий, його дизайн випромінює впевненість і незворушність. Солідні форми підкреслені розкішної фактурою матеріалів. Цей диван створений з повагою до кожної деталі, щоб дарувати безумовну турботу про ваш комфорт.\r\n\r\nВиробник залишає за собою право вносити зміни в конструкцію виробів.\r\nВигляд виробів може дещо відрізнятися від представлених в каталозі.\r\nВідхилення габаритних розмірів +/- 50 мм.', 14499, 4),
(22, 'Прямий диван НЬЮ-ЙОРК', 'img/database/slider/Прямі дивани/Диван НЬЮ-ЙОРК/newyork_front.jpg', 'img/database/slider/Прямі дивани/Диван НЬЮ-ЙОРК/newyork_side.jpg', 'img/database/slider/Прямі дивани/Диван НЬЮ-ЙОРК/newyork_back.jpg', 'img/database/slider/Прямі дивани/Диван НЬЮ-ЙОРК/Нью-Йорк-прямий.gif', '250 × 105 × 75 см', 'Дерево, ДСП ламіноване, Ортопедичні ламелі', 'Блок незалежних пружин (Pocket Spring), Пінополіуретан (ППУ)', '200 х 150', 2, 'Диван «Нью-Йорк» – це максимальне поєднання зручності, функціоналу і ефектного оформлення м’яких меблів. Диван з легкістю під лаштується під будь-яке приміщення, незалежно від складності інтер’єру або планування. Дизайн відмінно поєднується як з класичним, так і з сучасним оформленням.\r\n\r\nВиробник залишає за собою право вносити зміни в конструкцію виробів.\r\nВигляд виробів може дещо відрізнятися від представлених в каталозі.\r\nВідхилення габаритних розмірів +/- 50 мм.', 11999, 8),
(23, 'Прямий диван  ДАМАР', 'img/database/slider/Прямі дивани/Диван ДАМАР/damar_front.jpg', 'img/database/slider/Прямі дивани/Диван ДАМАР/damar_side.jpg', '', 'img/database/slider/Прямі дивани/Диван ДАМАР/Дамар-прямий.gif', '240 × 110 × 100 см', 'Дерево, ДСП ламіноване, Ортопедичні ламелі', 'Блок незалежних пружин (Pocket Spring), Пінополіуретан (ППУ)', '200 x 160', 2, 'Диван-ліжко «Дамар» – це безмежні можливості особистого комфорту. Дизайн легко підлаштовується під ваші бажання. Архітектурно і функціонально розкривається різноманіттям форм і конфігурацій, створюючи ідеальні умови для відпочинку – такого, який буде подобається саме вам.\r\n\r\nВиробник залишає за собою право вносити зміни в конструкцію виробів.\r\nВигляд виробів може дещо відрізнятися від представлених в каталозі.\r\nВідхилення габаритних розмірів +/- 50 мм.', 9499, 2),
(24, 'Прямий диван Х’ЮСТОН', 'img/database/slider/Прямі дивани/Диван Х’ЮСТОН/huston_front.jpg', 'img/database/slider/Прямі дивани/Диван Х’ЮСТОН/huston_side.jpg', 'img/database/slider/Прямі дивани/Диван Х’ЮСТОН/huston_back.jpg', 'img/database/slider/Прямі дивани/Диван Х’ЮСТОН/Хьюстон-Прямой.gif', '225 × 105 × 100 см', 'Дерево, ДСП ламіноване, Ортопедичні ламелі', 'Блок незалежних пружин (Pocket Spring), Пінополіуретан (ППУ)', '190 x 155', 2, 'Краса дивана «ХЮСТОН» в його неймовірній затишності і готовності під лаштуватися під будь-який ваш настрій. Він як кращий друг, з яким можна бути самим собою. Його дизайн цілком і повністю підпорядкований ідеї комфорту і домашньої розслабленості. Глибока посадка і безліч м’яких подушок піклуються про те, щоб ви відчували себе вільно і насолоджувалися кожною хвилиною відпочинку.\r\n\r\nВиробник залишає за собою право вносити зміни в конструкцію виробів.\r\nВигляд виробів може дещо відрізнятися від представлених в каталозі.\r\nВідхилення габаритних розмірів +/- 50 мм.', 10499, 1),
(25, 'Прямий диван КАНЗАС', 'img/database/slider/Прямі дивани/Диван КАНЗАС/kanzas_front.jpg', 'img/database/slider/Прямі дивани/Диван КАНЗАС/kanzas_side.jpg', 'img/database/slider/Прямі дивани/Диван КАНЗАС/kanzas_back.jpg', 'img/database/slider/Прямі дивани/Диван КАНЗАС/Канзас-прямой.gif', '265 × 95 × 105 см', 'Дерево, ДСП ламіноване, Ортопедичні ламелі', 'Блок незалежних пружин (Pocket Spring), Пінополіуретан (ППУ)', '205 х 135', 2, 'Дизайн диван «КАНЗАС» розкривається цілою гамою функціональних можливостей і нових відтінків комфорту. Це рішення об’єднує в собі актуальну лаконічність форм і оригінальну оббивку. Це відмінне поєднання візуальної затишності і емоційного комфорту з раціональним підходом до організації місця для відпочинку.\r\n\r\nВиробник залишає за собою право вносити зміни в конструкцію виробів.\r\nВигляд виробів може дещо відрізнятися від представлених в каталозі.\r\nВідхилення габаритних розмірів +/- 50 мм.', 8999, 0),
(26, 'Прямий диван МАРОККО', 'img/database/slider/Прямі дивани/Диван МАРОККО/marokko_front.jpg', 'img/database/slider/Прямі дивани/Диван МАРОККО/marokko_side.jpg', 'img/database/slider/Прямі дивани/Диван МАРОККО/marokko_back.jpg', 'img/database/slider/Прямі дивани/Диван МАРОККО/Морокко-Прямой.gif', '250 × 115 × 95 см', 'Дерево, ДСП ламіноване, Ортопедичні ламелі', 'Блок незалежних пружин (Pocket Spring), Пінополіуретан (ППУ)', '200 x 160', 2, 'Диван «Марокко» допоможе створити особливий простір, де не існує турбот і повсякденної суєти. Його затишний дизайн та об’ємності відрізняється актуальністю. Широкі м’які подушки-підлокітники створюють відчуття повного розслаблення. Це найкращий компаньйон для затишних вечорів і таємних моментів наодинці з мріями і найближчими людьми – родиною і друзями.\r\n\r\nВиробник залишає за собою право вносити зміни в конструкцію виробів.\r\nВигляд виробів може дещо відрізнятися від представлених в каталозі.\r\nВідхилення габаритних розмірів +/- 50 мм.', 12499, 7),
(27, 'Прямий диван БЕРЛІН', 'img/database/slider/Прямі дивани/Диван БЕРЛІН/berlin_front.jpg', 'img/database/slider/Прямі дивани/Диван БЕРЛІН/berlin_side.jpg', 'img/database/slider/Прямі дивани/Диван БЕРЛІН/berlin_back.jpg', 'img/database/slider/Прямі дивани/Диван БЕРЛІН/Берлин-прямий.gif', '245 × 95 × 95 см', '	\r\nДерево, ДСП ламіноване, Ортопедичні ламелі', '	\r\nБлок незалежних пружин (Pocket Spring), Пінополіуретан (ППУ)', '210 x 130', 2, 'Диван «Берлін» – це максимальне поєднання зручності, функціоналу і ефектного оформлення м’яких меблів. Диван з легкістю під лаштується під будь-яке приміщення, незалежно від складності інтер’єру або планування. Дизайн відмінно поєднується як з класичним, так і з сучасним оформленням.\r\n\r\nВиробник залишає за собою право вносити зміни в конструкцію виробів.\r\nВигляд виробів може дещо відрізнятися від представлених в каталозі.\r\nВідхилення габаритних розмірів +/- 50 мм.', 13499, 0),
(28, 'Прямий диван ОКСФОРД', 'img/database/slider/Прямі дивани/Диван ОКСФОРД/oxford_front.jpg', 'img/database/slider/Прямі дивани/Диван ОКСФОРД/oxford_side.jpg', 'img/database/slider/Прямі дивани/Диван ОКСФОРД/oxford_back.jpg', 'img/database/slider/Прямі дивани/Диван ОКСФОРД/Оксфорд-прямой.gif', '	225 × 100 × 75 см', 'Дерево, ДСП ламіноване, Ортопедичні ламелі', 'Блок незалежних пружин (Pocket Spring), Пінополіуретан (ППУ)', '185 x 140', 2, 'Диван «Оксфорд» створений для тих, хто хоче якісно проводити кожну хвилину відпочинку. Концепція дизайну дозволяє враховувати індивідуальні уявлення про комфорт. Особливість стилістичного рішення – цікавий баланс затишність м’якості і суворої геометрії ліній. Нічого зайвого. Нехай ніщо не відволікає вас від відпочинку.\r\n\r\nВиробник залишає за собою право вносити зміни в конструкцію виробів.\r\nВигляд виробів може дещо відрізнятися від представлених в каталозі.\r\nВідхилення габаритних розмірів +/- 50 мм.', 8499, 7),
(29, 'Прямий диван ДЕТРОЙТ', 'img/database/slider/Прямі дивани/Диван ДЕТРОЙТ/detroyt_front.jpg', 'img/database/slider/Прямі дивани/Диван ДЕТРОЙТ/detroyt_side.jpg', 'img/database/slider/Прямі дивани/Диван ДЕТРОЙТ/detroyt_back.jpg', 'img/database/slider/Прямі дивани/Диван ДЕТРОЙТ/Детройт.gif', '215 × 110 × 75 см', 'Дерево, ДСП ламіноване, Ортопедичні ламелі', 'Блок незалежних пружин (Pocket Spring), Пінополіуретан (ППУ)', '195 x 150', 2, 'Диван «Детройт» – це максимальне поєднання зручності, функціоналу і ефектного оформлення м’яких меблів. Диван з легкістю під лаштується під будь-яке приміщення, незалежно від складності інтер’єру або планування. Дизайн відмінно поєднується як з класичним, так і з сучасним оформленням.\r\n\r\nВиробник залишає за собою право вносити зміни в конструкцію виробів.\r\nВигляд виробів може дещо відрізнятися від представлених в каталозі.\r\nВідхилення габаритних розмірів +/- 50 мм.', 13999, 2),
(30, 'Прямий диван ОСТІН', 'img/database/slider/Прямі дивани/Диван ОСТІН/ostin_front.jpg', 'img/database/slider/Прямі дивани/Диван ОСТІН/ostin_side.jpg', 'img/database/slider/Прямі дивани/Диван ОСТІН/ostin_back.jpg', 'img/database/slider/Прямі дивани/Диван ОСТІН/Остин-прямой.gif', '235 × 100 × 90 см', 'Дерево, ДСП ламіноване, Ортопедичні ламелі', 'Блок незалежних пружин (Pocket Spring), Пінополіуретан (ППУ)', '190 x 140', 2, 'Диван «Остін» – це максимальне поєднання зручності, функціоналу і ефектного оформлення м’яких меблів. Диван з легкістю під лаштується під будь-яке приміщення, незалежно від складності інтер’єру або планування. Дизайн відмінно поєднується як з класичним, так і з сучасним оформленням.\r\n\r\nВиробник залишає за собою право вносити зміни в конструкцію виробів.\r\nВигляд виробів може дещо відрізнятися від представлених в каталозі.\r\nВідхилення габаритних розмірів +/- 50 мм.', 9999, 4),
(31, 'Прямий диван ОРЛЕАН', 'img/database/slider/Прямі дивани/Диван ОРЛЕАН/orlean_front.jpg', 'img/database/slider/Прямі дивани/Диван ОРЛЕАН/orlean_side.jpg', 'img/database/slider/Прямі дивани/Диван ОРЛЕАН/orlean_back.jpg', 'img/database/slider/Прямі дивани/Диван ОРЛЕАН/Орлеан-Прямой.gif', '235 × 100 × 75 см', 'Дерево, ДСП ламіноване, Ортопедичні ламелі', 'Блок незалежних пружин (Pocket Spring), Пінополіуретан (ППУ)', '190 x 140', 2, 'Диван «Орлеан» – це максимальне поєднання зручності, функціоналу і ефектного оформлення м’яких меблів. Диван з легкістю під лаштується під будь-яке приміщення, незалежно від складності інтер’єру або планування. Дизайн відмінно поєднується як з класичним, так і з сучасним оформленням.\r\n\r\nВиробник залишає за собою право вносити зміни в конструкцію виробів.\r\nВигляд виробів може дещо відрізнятися від представлених в каталозі.\r\nВідхилення габаритних розмірів +/- 50 мм.', 12499, 0),
(32, 'Прямий диван МОНАКО', 'img/database/slider/Прямі дивани/Диван МОНАКО/monaco_front.jpg', 'img/database/slider/Прямі дивани/Диван МОНАКО/monaco_side.jpg', 'img/database/slider/Прямі дивани/Диван МОНАКО/monaco_back.jpg', 'img/database/slider/Прямі дивани/Диван МОНАКО/Монако-прямий.gif', '235 × 95 × 75 см', 'Дерево, ДСП ламіноване, Ортопедичні ламелі', 'Блок незалежних пружин (Pocket Spring), Пінополіуретан (ППУ)', '185 x 140', 2, 'Диван «Монако» – це максимальне поєднання зручності, функціоналу і ефектного оформлення м’яких меблів. Диван з легкістю під лаштується під будь-яке приміщення, незалежно від складності інтер’єру або планування. Дизайн відмінно поєднується як з класичним, так і з сучасним оформленням.\r\n\r\nВиробник залишає за собою право вносити зміни в конструкцію виробів.\r\nВигляд виробів може дещо відрізнятися від представлених в каталозі.\r\nВідхилення габаритних розмірів +/- 50 мм.', 10499, 5),
(33, 'Прямий диван СІДНЕЙ', 'img/database/slider/Прямі дивани/Диван СІДНЕЙ/sidney_front.jpg', 'img/database/slider/Прямі дивани/Диван СІДНЕЙ/sidney_side.jpg', 'img/database/slider/Прямі дивани/Диван СІДНЕЙ/sidney_back.jpg', 'img/database/slider/Прямі дивани/Диван СІДНЕЙ/Сидней.-прямий.gif', '200 × 90 × 75 см', 'Дерево, ДСП ламіноване, Ортопедичні ламелі', 'Пінополіуретан (ППУ)', '200 x 140', 2, 'Диван «Сідней» стане головним скарбом вашого інтер’єру. Особливо якщо мова йде про невеликих приміщеннях. Головна ідея дизайну полягає в тому, щоб принести щастя, поезію відпочинку і затишку в сучасний інтер’єр. Простота його форм римується з природністю комфортної обстановки, декорацією для теплих моментів домашньої гармонії.\r\n\r\nВиробник залишає за собою право вносити зміни в конструкцію виробів.\r\nВигляд виробів може дещо відрізнятися від представлених в каталозі.\r\nВідхилення габаритних розмірів +/- 50 мм.', 13999, 7),
(34, 'Прямий диван МОНТАНА', 'img/database/slider/Прямі дивани/Диван МОНТАНА/montana_front.jpg', 'img/database/slider/Прямі дивани/Диван МОНТАНА/montana_side.jpg', 'img/database/slider/Прямі дивани/Диван МОНТАНА/montana_back.jpg', 'img/database/slider/Прямі дивани/Диван МОНТАНА/Монтана-прямий.gif', '195 × 95 × 75 см', 'Дерево, ДСП ламіноване', 'Пінополіуретан (ППУ), Пружинний блок Боннель (Bonnell)', '190 x 145', 2, 'Диван «Монтана» допоможе створити особливий простір, де не існує турбот і повсякденної суєти. Його затишний дизайн та об’ємності відрізняється актуальністю. М’які подушки-створюють відчуття повного розслаблення. Це найкращий компаньйон для затишних вечорів і таємних моментів наодинці з мріями і найближчими людьми – родиною і друзями.\r\n\r\nВиробник залишає за собою право вносити зміни в конструкцію виробів.\r\nВигляд виробів може дещо відрізнятися від представлених в каталозі.\r\nВідхилення габаритних розмірів +/- 50 мм.', 8999, 6),
(35, 'Прямий диван МАЯМІ', 'img/database/slider/Прямі дивани/Диван МАЯМІ/mayami_front.jpg', 'img/database/slider/Прямі дивани/Диван МАЯМІ/mayami_side.jpg', 'img/database/slider/Прямі дивани/Диван МАЯМІ/mayami_back.jpg', 'img/database/slider/Прямі дивани/Диван МАЯМІ/Маями-прямий.gif', '225 × 95 × 75 см', 'Дерево, ДСП ламіноване', 'Пінополіуретан (ППУ), Пружинний блок Боннель (Bonnell)', '190 x 145', 2, 'Диван «Маямі» допоможе створити особливий простір, де не існує турбот і повсякденної суєти. Його затишний дизайн та об’ємності відрізняється актуальністю. Широкі м’які подушки-підлокітники створюють відчуття повного розслаблення. Це найкращий компаньйон для затишних вечорів і таємних моментів наодинці з мріями і найближчими людьми – родиною і друзями.\r\n\r\nВиробник залишає за собою право вносити зміни в конструкцію виробів.\r\nВигляд виробів може дещо відрізнятися від представлених в каталозі.\r\nВідхилення габаритних розмірів +/- 50 мм.', 9499, 3),
(36, 'Прямий диван ГАВАНА', 'img/database/slider/Прямі дивани/Диван ГАВАНА/gavana_front.jpg', 'img/database/slider/Прямі дивани/Диван ГАВАНА/gavana_side.jpg', 'img/database/slider/Прямі дивани/Диван ГАВАНА/gavana_back.jpg', 'img/database/slider/Прямі дивани/Диван ГАВАНА/Гавана-прямий.gif', '210 × 110 × 75 см', 'Дерево, ДСП ламіноване', 'Пінополіуретан (ППУ), Пружинний блок Боннель (Bonnell)', '190 x 150', 2, 'Диван «Гавана» має всього один підлокітник і асиметричну форму сидіння, а спинка доповнена чотирма об’ємними м’якими подушками. Невеликі ніжки забезпечують просвіт між підлогою і каркасом, який створює ефект вільного простору. Розсувається легко і швидко. У нижню частину корпусу вбудований місткий ящик під білизну.\r\n\r\nВиробник залишає за собою право вносити зміни в конструкцію виробів.\r\nВигляд виробів може дещо відрізнятися від представлених в каталозі.\r\nВідхилення габаритних розмірів +/- 50 мм.', 13499, 5),
(37, 'Прямий диван МАЛЬТА', 'img/database/slider/Прямі дивани/Диван МАЛЬТА/malta_front.jpg', 'img/database/slider/Прямі дивани/Диван МАЛЬТА/malta_side.jpg', 'img/database/slider/Прямі дивани/Диван МАЛЬТА/malta_back.jpg', 'img/database/slider/Прямі дивани/Диван МАЛЬТА/Мальта-прямий.gif', '210 × 95 × 75 см', 'Дерево, ДСП ламіноване', 'Пінополіуретан (ППУ), Пружинний блок Боннель (Bonnell)', '190 x 145', 2, 'Краса дивана «Мальта» в його неймовірній затишності і готовності під лаштуватися під будь-який ваш настрій. Він як кращий друг, з яким можна бути самим собою. Його дизайн цілком і повністю підпорядкований ідеї комфорту і домашньої розслабленості. Глибока посадка і безліч м’яких подушок піклуються про те, щоб ви відчували себе вільно і насолоджувалися кожною хвилиною відпочинку.\r\n\r\nВиробник залишає за собою право вносити зміни в конструкцію виробів.\r\nВигляд виробів може дещо відрізнятися від представлених в каталозі.\r\nВідхилення габаритних розмірів +/- 50 мм.', 9499, 0),
(38, 'Прямий диван БОСТОН', 'img/database/slider/Прямі дивани/Диван БОСТОН/boston-front.jpg', 'img/database/slider/Прямі дивани/Диван БОСТОН/boston-side.jpg', '', 'img/database/slider/Прямі дивани/Диван БОСТОН/Boston-прямий.gif', '125 × 90 × 80 см', 'Дерево, ДСП ламіноване, Ортопедичні ламелі', 'Блок незалежних пружин (Pocket Spring), Пінополіуретан (ППУ)', '190 x 90', 2, 'Дизайн диван «Бостон» розкривається цілою гамою функціональних можливостей і нових відтінків комфорту. Це рішення об’єднує в собі актуальну лаконічність форм і оригінальну оббивку. Це відмінне поєднання візуальної затишності і емоційного комфорту з раціональним підходом до організації місця для відпочинку.\r\n\r\nВиробник залишає за собою право вносити зміни в конструкцію виробів.\r\nВигляд виробів може дещо відрізнятися від представлених в каталозі.\r\nВідхилення габаритних розмірів +/- 50 мм.', 12999, 2),
(39, 'Прямий диван ЖЕНЕВА', 'img/database/slider/Прямі дивани/Диван ЖЕНЕВА/jeneva_front.jpg', 'img/database/slider/Прямі дивани/Диван ЖЕНЕВА/jeneva_side.jpg', 'img/database/slider/Прямі дивани/Диван ЖЕНЕВА/jeneva_back.jpg', 'img/database/slider/Прямі дивани/Диван ЖЕНЕВА/Женева-прямой.gif', '205 × 115 × 95 см', 'Дерево, ДСП ламіноване, Ортопедичні ламелі', 'Пінополіуретан (ППУ)', '190 x 140', 2, 'Диван «Женева» – це максимальне поєднання зручності, функціоналу і ефектного оформлення м’яких меблів. Диван з легкістю під лаштується під будь-яке приміщення, незалежно від складності інтер’єру або планування. Дизайн відмінно поєднується як з класичним, так і з сучасним оформленням.\r\n\r\nВиробник залишає за собою право вносити зміни в конструкцію виробів.\r\nВигляд виробів може дещо відрізнятися від представлених в каталозі.\r\nВідхилення габаритних розмірів +/- 50 мм.', 14499, 3),
(40, 'Прямий диван ВЕРСАЛЬ', 'img/database/slider/Прямі дивани/Диван ВЕРСАЛЬ/versal_front.jpg', 'img/database/slider/Прямі дивани/Диван ВЕРСАЛЬ/versal_side.jpg', '', 'img/database/slider/Прямі дивани/Диван ВЕРСАЛЬ/Версаль-Прямой.gif', '195 × 85 × 105 см', 'Дерево, ДСП ламіноване, Ортопедичні ламелі', 'Блок незалежних пружин (Pocket Spring), Пінополіуретан (ППУ)', '190 x 140', 2, 'Щоб залишатися успішним, важливо знайти своє джерело спокою. Диван «Версаль» саме такий, його дизайн випромінює впевненість і незворушність. Солідні форми підкреслені розкішної фактурою матеріалів. Цей диван створений з повагою до кожної деталі, щоб дарувати безумовну турботу про ваш комфорт.\r\n\r\nВиробник залишає за собою право вносити зміни в конструкцію виробів.\r\nВигляд виробів може дещо відрізнятися від представлених в каталозі.\r\nВідхилення габаритних розмірів +/- 50 мм.', 11999, 2),
(41, 'Прямий диван КЛАВДІЯ', 'img/database/slider/Прямі дивани/Диван КЛАВДІЯ/klavdia_front.jpg', 'img/database/slider/Прямі дивани/Диван КЛАВДІЯ/klavdia_side.jpg', '', 'img/database/slider/Прямі дивани/Диван КЛАВДІЯ/Клавдия-Прямой.gif', '205 × 185 × 105 см', 'Дерево, ДСП ламіноване, Ортопедичні ламелі', 'Пінополіуретан (ППУ)', '190 x 140', 2, 'Щоб залишатися успішним, важливо знайти своє джерело спокою. Диван «Клавдія» саме такий, його дизайн випромінює впевненість і незворушність. Солідні форми підкреслені розкішної фактурою матеріалів. Цей диван створений з повагою до кожної деталі, щоб дарувати безумовну турботу про ваш комфорт.\r\n\r\nВиробник залишає за собою право вносити зміни в конструкцію виробів.\r\nВигляд виробів може дещо відрізнятися від представлених в каталозі.\r\nВідхилення габаритних розмірів +/- 50 мм.', 8499, 0),
(42, 'Ліжко ЛАУРА', 'img/database/slider/Ліжка/Ліжко ЛАУРА/Laura.jpg', '', '', '', '220 × 170 × 110 см', 'Дерево, ДСП ламіноване, Ортопедичні ламелі', 'Пінополіуретан (ППУ)', '200 x 160', 3, 'Виробник залишає за собою право вносити зміни в конструкцію виробів.\r\nВигляд виробів може дещо відрізнятися від представлених в каталозі.\r\nВідхилення габаритних розмірів +/- 50 мм.', 18999, 3),
(43, 'Ліжко ОЛІВІЯ', 'img/database/slider/Ліжка/Ліжко ОЛІВІЯ/Olivia.jpg', '', '', '', '220 × 170 × 110 см', 'Дерево, ДСП ламіноване, Ортопедичні ламелі', 'Пінополіуретан (ППУ)', '200 x 160', 3, 'Виробник залишає за собою право вносити зміни в конструкцію виробів.\r\nВигляд виробів може дещо відрізнятися від представлених в каталозі.\r\nВідхилення габаритних розмірів +/- 50 мм.', 18999, 5),
(44, 'Ліжко ФЛОРА', 'img/database/slider/Ліжка/Ліжко ФЛОРА/Flora.jpg', '', '', '', '215 × 170 × 110 см', 'Дерево, ДСП ламіноване, Ортопедичні ламелі', 'Пінополіуретан (ППУ)', '200 x 160', 3, 'Виробник залишає за собою право вносити зміни в конструкцію виробів.\r\nВигляд виробів може дещо відрізнятися від представлених в каталозі.\r\nВідхилення габаритних розмірів +/- 50 мм.', 20999, 5),
(45, 'Ліжко СИЦИЛІЯ', 'img/database/slider/Ліжка/Ліжко СИЦИЛІЯ/Sytsylyia.jpg', '', '', '', '220 × 170 × 100 см', 'Дерево, ДСП ламіноване, Ортопедичні ламелі', 'Пінополіуретан (ППУ)', '200 x 160', 3, 'Виробник залишає за собою право вносити зміни в конструкцію виробів.\nВигляд виробів може дещо відрізнятися від представлених в каталозі.\nВідхилення габаритних розмірів +/- 50 мм.', 21999, 3),
(46, 'Ліжко ФЛОРЕНЦІЯ', 'img/database/slider/Ліжка/Ліжко ФЛОРЕНЦІЯ/Florentsyia.jpg', '', '', '', '220 × 170 × 110 см', 'Дерево, ДСП ламіноване, Ортопедичні ламелі', 'Пінополіуретан (ППУ)', '200 x 160', 3, 'Виробник залишає за собою право вносити зміни в конструкцію виробів.\r\nВигляд виробів може дещо відрізнятися від представлених в каталозі.\r\nВідхилення габаритних розмірів +/- 50 мм.', 19499, 2),
(47, 'Кутовий диван Брюссель', 'img/database/slider/Кутові дивани/Кутовий диван Брюссель/bryusel_front.jpg', 'img/database/slider/Кутові дивани/Кутовий диван Брюссель/bryusel_side.jpg', 'img/database/slider/Кутові дивани/Кутовий диван Брюссель/back.jpg', 'img/database/slider/Кутові дивани/Кутовий диван Брюссель/Брюсель-кут.gif', '350 × 175 × 95 см', 'Дерево, ДСП ламіноване, Ортопедичні ламелі', 'Блок незалежних пружин (Pocket Spring), Пінополіу', '350 × 175', 1, 'Диван «Марокко» допоможе створити особливий прості..', 12999, 3);

-- --------------------------------------------------------

--
-- Структура таблиці `furniturecategory`
--

CREATE TABLE `furniturecategory` (
  `id` int(11) NOT NULL,
  `categoryName` varchar(25) NOT NULL
) ENGINE=InnoDB DEFAULT CHARSET=utf8 COLLATE=utf8_general_ci;

--
-- Дамп даних таблиці `furniturecategory`
--

INSERT INTO `furniturecategory` (`id`, `categoryName`) VALUES
(1, 'Кутовий диван'),
(2, 'Прямий диван'),
(3, 'Ліжко');

-- --------------------------------------------------------

--
-- Структура таблиці `orders`
--

CREATE TABLE `orders` (
  `id` int(11) NOT NULL,
  `username` varchar(30) NOT NULL,
  `usersurname` varchar(30) NOT NULL,
  `phonenumber` varchar(13) NOT NULL,
  `email` varchar(50) NOT NULL,
  `address` varchar(100) NOT NULL,
  `productid` int(10) NOT NULL,
  `orderDate` varchar(20) NOT NULL DEFAULT '',
  `status` int(11) NOT NULL DEFAULT 1
) ENGINE=InnoDB DEFAULT CHARSET=utf8 COLLATE=utf8_general_ci;

--
-- Дамп даних таблиці `orders`
--

INSERT INTO `orders` (`id`, `username`, `usersurname`, `phonenumber`, `email`, `address`, `productid`, `orderDate`, `status`) VALUES
(24, 'Артем', 'Мочалов', '+380965180399', 'artemmochalov445@icloud.com', 'смт Гусятин, вулиця Наливайка 18/34', 12, '23-01-2024 10:31:36', 4),
(25, 'Артем', 'Мочалов', '+380965180399', 'artemmochalov445@icloud.com', 'смт Гусятин, вулиця Наливайка 18/34', 22, '10-01-2024 02:05:29', 2),
(26, 'Родіон', 'Андрійців', '88005553535', 'gonkilua34@gmail.com', 'смт Гусятин, вул Василя Стуса 2', 43, '27-01-2024 00:51:23', 3),
(27, 'Родіон', 'Андрійців', '88005553535', 'gonkilua34@gmail.com', 'смт Гусятин, вул Василя Стуса 2', 5, '15-01-2024 06:19:03', 5),
(28, 'Родіон', 'Андрійців', '88005553535', 'gonkilua34@gmail.com', 'смт Гусятин, вул Василя Стуса 2', 2, '16-01-2024 02:46:46', 5),
(29, 'Богдан', 'Галунька', '+380965180399', 'HalunkaTHEKingKong@gmail.com', 'смт Гусятин, вулиця Шкілька 5', 3, '06-01-2024 19:46:36', 2),
(31, 'Дмитро', 'Наконечний', '88005553535', 'd1manakonechnuy@gmail.com', 'с. Боднарівка, вулиця Богдана Ступки', 46, '21-02-2024 11:15:05', 1),
(32, 'Артем', 'Мочалов', '88005553535', 'artemmochalov@icloud.com', 'смт Гусятин, вулиця Васі Пупкіна 14', 2, '26-12-2023 18:56:38', 2),
(38, 'Артем', 'Мочалов', '+380965180399', 'artemmochalov445@icloud.com', 'ШЕвченка 5', 2, '11-01-2024 17:33:53', 3),
(39, 'Артур', 'Лацановський', '+8805553535', 'la333@gmail.com', 'Вул. Рут. де Лятір, м. Берн', 2, '06/03/2024 13:15', 1),
(40, 'Леся', 'Козак', '1234567', 'lesyak@gmail.com', 'смт Гусятин', 3, '01/04/2024 08:01', 1),
(41, 'Артем', 'Мочалов12', '+380965180399', 'artemmochalov445@icloud.com', 'смт Гусятин, вулиця Наливайка 18/34', 6, '17/05/2024 00:27', 1),
(43, 'Артем', 'Мочалов12', '+380965180399', 'artemmochalov445@icloud.com', 'смт Гусятин, вулиця Наливайка 18/34', 2, '17/05/2024 00:56', 6);

-- --------------------------------------------------------

--
-- Структура таблиці `orderstatus`
--

CREATE TABLE `orderstatus` (
  `id` int(11) NOT NULL,
  `status` varchar(20) NOT NULL
) ENGINE=InnoDB DEFAULT CHARSET=utf8 COLLATE=utf8_general_ci;

--
-- Дамп даних таблиці `orderstatus`
--

INSERT INTO `orderstatus` (`id`, `status`) VALUES
(1, 'Нове'),
(2, 'Не підтверджено'),
(3, 'Підтверджено'),
(4, 'Відправлено'),
(5, 'Доставлено'),
(6, 'Скасовано');

-- --------------------------------------------------------

--
-- Структура таблиці `rolee`
--

CREATE TABLE `rolee` (
  `id` int(11) NOT NULL,
  `roleeName` varchar(50) NOT NULL
) ENGINE=InnoDB DEFAULT CHARSET=utf8 COLLATE=utf8_general_ci;

--
-- Дамп даних таблиці `rolee`
--

INSERT INTO `rolee` (`id`, `roleeName`) VALUES
(1, 'Адмін'),
(2, 'Доставщик'),
(3, 'Оператор'),
(4, 'Працівник складу'),
(5, 'Бухгалтер'),
(6, 'Користувач');

-- --------------------------------------------------------

--
-- Структура таблиці `users`
--

CREATE TABLE `users` (
  `id` int(11) NOT NULL,
  `usersurname` varchar(60) NOT NULL,
  `username` varchar(60) NOT NULL,
  `email` varchar(100) NOT NULL,
  `password` varchar(32) NOT NULL,
  `rolee` int(11) NOT NULL,
  `avatar` text NOT NULL
) ENGINE=InnoDB DEFAULT CHARSET=utf8 COLLATE=utf8_general_ci;

--
-- Дамп даних таблиці `users`
--

INSERT INTO `users` (`id`, `usersurname`, `username`, `email`, `password`, `rolee`, `avatar`) VALUES
(8, 'Мочалов12', 'Артем', 'artemmochalov445@icloud.com', '037d5bc7d6f99e287d5c885ae4b12257', 1, 'img/database/usersAvatars/8/8.jpg'),
(9, 'Мочалова', 'Аліна', 'alinamochalova@icloud.com', '037d5bc7d6f99e287d5c885ae4b12257', 2, 'img/database/usersAvatars/9/9.jpg'),
(49, 'Андрійців', 'Родіон', 'gonkilua34@gmail.com', '037d5bc7d6f99e287d5c885ae4b12257', 3, 'img/database/usersAvatars/userImg-basic.png'),
(50, 'Галунька', 'Богдан', 'HalunkaTHEKingKong@gmail.com', '037d5bc7d6f99e287d5c885ae4b12257', 4, 'img/database/usersAvatars/userImg-basic.png'),
(51, 'Наконечний', 'Дмитро', 'd1manakonechnuy@gmail.com', '037d5bc7d6f99e287d5c885ae4b12257', 5, 'img/database/usersAvatars/userImg-basic.png'),
(56, 'Мо', 'ар', 'artemm@icloud.com', '037d5bc7d6f99e287d5c885ae4b12257', 6, 'img/database/usersAvatars/userImg-basic.png'),
(57, 'Гейна', 'Іра', 'geynairyna20102007@icloud.com', '037d5bc7d6f99e287d5c885ae4b12257', 1, '../img/database/usersAvatars/userImg-basic.png'),
(58, 'Гейна', 'Іра', 'geynairyna20102008@icloud.com', '037d5bc7d6f99e287d5c885ae4b12257', 1, '../img/database/usersAvatars/userImg-basic.png'),
(59, 'Гейна', 'Іра', 'geynairyna212@icloud.com', '037d5bc7d6f99e287d5c885ae4b12257', 1, '../img/database/usersAvatars/userImg-basic.png'),
(60, 'Гейна', 'Іра', 'geynairyn@icloud.com', '037d5bc7d6f99e287d5c885ae4b12257', 1, '../img/database/usersAvatars/userImg-basic.png'),
(61, 'Мочалов', 'Артем', 'artemmo5@icloud.com', '037d5bc7d6f99e287d5c885ae4b12257', 6, '../img/database/usersAvatars/userImg-basic.png'),
(62, 'Мочалов', 'Артем', 'artemmochalov4455@icloud.com', '037d5bc7d6f99e287d5c885ae4b12257', 2, '../img/database/usersAvatars/userImg-basic.png'),
(63, 'Мочалов', 'Артем', 'artemmochal33ov4455@icloud.com', '037d5bc7d6f99e287d5c885ae4b12257', 2, '../img/database/usersAvatars/userImg-basic.png'),
(64, 'Мочалов', 'Артем', 'artemmochal3333ov4455@icloud.com', '037d5bc7d6f99e287d5c885ae4b12257', 6, '../img/database/usersAvatars/userImg-basic.png'),
(65, 'Мочалов', 'Артем', 'artemmochal3333ov334455@icloud.com', '037d5bc7d6f99e287d5c885ae4b12257', 1, '../img/database/usersAvatars/userImg-basic.png');

--
-- Індекси збережених таблиць
--

--
-- Індекси таблиці `furniture`
--
ALTER TABLE `furniture`
  ADD PRIMARY KEY (`id`),
  ADD KEY `category` (`category`);

--
-- Індекси таблиці `furniturecategory`
--
ALTER TABLE `furniturecategory`
  ADD PRIMARY KEY (`id`);

--
-- Індекси таблиці `orders`
--
ALTER TABLE `orders`
  ADD PRIMARY KEY (`id`),
  ADD KEY `productid` (`productid`),
  ADD KEY `username` (`username`),
  ADD KEY `usersurname` (`usersurname`),
  ADD KEY `email` (`email`),
  ADD KEY `status` (`status`);

--
-- Індекси таблиці `orderstatus`
--
ALTER TABLE `orderstatus`
  ADD PRIMARY KEY (`id`);

--
-- Індекси таблиці `rolee`
--
ALTER TABLE `rolee`
  ADD PRIMARY KEY (`id`);

--
-- Індекси таблиці `users`
--
ALTER TABLE `users`
  ADD PRIMARY KEY (`id`),
  ADD KEY `rolee` (`rolee`);

--
-- AUTO_INCREMENT для збережених таблиць
--

--
-- AUTO_INCREMENT для таблиці `furniture`
--
ALTER TABLE `furniture`
  MODIFY `id` int(20) NOT NULL AUTO_INCREMENT, AUTO_INCREMENT=100;

--
-- AUTO_INCREMENT для таблиці `furniturecategory`
--
ALTER TABLE `furniturecategory`
  MODIFY `id` int(11) NOT NULL AUTO_INCREMENT, AUTO_INCREMENT=4;

--
-- AUTO_INCREMENT для таблиці `orders`
--
ALTER TABLE `orders`
  MODIFY `id` int(11) NOT NULL AUTO_INCREMENT, AUTO_INCREMENT=50;

--
-- AUTO_INCREMENT для таблиці `orderstatus`
--
ALTER TABLE `orderstatus`
  MODIFY `id` int(11) NOT NULL AUTO_INCREMENT, AUTO_INCREMENT=7;

--
-- AUTO_INCREMENT для таблиці `rolee`
--
ALTER TABLE `rolee`
  MODIFY `id` int(11) NOT NULL AUTO_INCREMENT, AUTO_INCREMENT=9;

--
-- AUTO_INCREMENT для таблиці `users`
--
ALTER TABLE `users`
  MODIFY `id` int(11) NOT NULL AUTO_INCREMENT, AUTO_INCREMENT=69;

--
-- Обмеження зовнішнього ключа збережених таблиць
--

--
-- Обмеження зовнішнього ключа таблиці `furniture`
--
ALTER TABLE `furniture`
  ADD CONSTRAINT `furniture_ibfk_1` FOREIGN KEY (`category`) REFERENCES `furniturecategory` (`id`);

--
-- Обмеження зовнішнього ключа таблиці `orders`
--
ALTER TABLE `orders`
  ADD CONSTRAINT `orders_ibfk_1` FOREIGN KEY (`productid`) REFERENCES `furniture` (`id`),
  ADD CONSTRAINT `orders_ibfk_2` FOREIGN KEY (`status`) REFERENCES `orderstatus` (`id`);

--
-- Обмеження зовнішнього ключа таблиці `users`
--
ALTER TABLE `users`
  ADD CONSTRAINT `users_ibfk_1` FOREIGN KEY (`rolee`) REFERENCES `rolee` (`id`);
COMMIT;

/*!40101 SET CHARACTER_SET_CLIENT=@OLD_CHARACTER_SET_CLIENT */;
/*!40101 SET CHARACTER_SET_RESULTS=@OLD_CHARACTER_SET_RESULTS */;
/*!40101 SET COLLATION_CONNECTION=@OLD_COLLATION_CONNECTION */;
